{"_wandb":{"runtime":6},"train_loss":0.0081306886083136,"val_loss":0.0073707266710698605,"_timestamp":1.7301135151348379e+09,"_runtime":5.6519788,"_step":99,"epoch":99}