{"_runtime":5.0090792,"_step":99,"_wandb":{"runtime":5},"epoch":99,"train_loss":0.009773235147198042,"val_loss":0.011587980668991804,"_timestamp":1.7301288312804472e+09}