{"_wandb":{"runtime":3},"val_loss":0.0073707266710698605,"_timestamp":1.7301136012150533e+09,"_runtime":2.9247964,"_step":99,"epoch":99,"train_loss":0.0081306886083136}