{"_runtime":2.8900104,"_step":9,"_wandb":{"runtime":3},"epoch":9,"train_loss":0.013200029653186599,"val_loss":0.012776927556842566,"_timestamp":1.7301105581317163e+09}