{"_wandb":{"runtime":83},"val_loss":0.010290184058248997,"_timestamp":1.7301248667468483e+09,"_runtime":5.3911242,"_step":99,"epoch":99,"train_loss":0.01199345764083167}