{"train_loss":0.012552709085866809,"val_loss":0.018733087927103043,"_timestamp":1.7301091594834926e+09,"_runtime":2.8065696,"_step":9,"_wandb":{"runtime":3},"epoch":9}