{"epoch":9,"train_loss":0.012685843898604313,"val_loss":0.015053317416459322,"_timestamp":1.7301274206833572e+09,"_runtime":0.8199988,"_wandb":{"runtime":10},"_step":9}