{"epoch":9,"train_loss":0.029531214851886034,"val_loss":0.036354598589241505,"_wandb":{"runtime":1},"_timestamp":1.7301135329889035e+09,"_runtime":0.9168016,"_step":9}