{"_timestamp":1.7301195093414242e+09,"_runtime":5.2160271,"_step":99,"_wandb":{"runtime":6},"epoch":99,"train_loss":0.008644323252762357,"val_loss":0.008204550482332706}