{"_timestamp":1.7301249623870106e+09,"_runtime":0.899013,"_step":9,"epoch":9,"_wandb":{"runtime":330},"train_loss":0.029587259981781244,"val_loss":0.027426183223724365}