{"_wandb":{"runtime":10},"_timestamp":1.730129057573928e+09,"_runtime":0.8852166,"_step":9,"epoch":9,"train_loss":0.013618575098613897,"val_loss":0.011619539465755224}