{"val_loss":0.006282534450292587,"_timestamp":1.7301290536664405e+09,"_runtime":5.2656721,"_step":99,"_wandb":{"runtime":5},"epoch":99,"train_loss":0.00737639784347266}