{"_runtime":2.2726673,"_step":9,"_wandb":{"runtime":11},"epoch":9,"train_loss":0.012657264014706016,"val_loss":0.014109388925135136,"_timestamp":1.73012968441458e+09}