{"val_loss":0.007748745149001479,"_timestamp":1.7301304510929823e+09,"_runtime":15.607421,"_step":499,"epoch":499,"train_loss":0.006147166985707979,"_wandb":{"runtime":108}}