{"train_loss":0.013232355006039143,"val_loss":0.01142146810889244,"_timestamp":1.7301249491750178e+09,"_runtime":0.8565811,"_step":9,"_wandb":{"runtime":10},"epoch":9}