{"epoch":9,"train_loss":0.012843939320494732,"val_loss":0.01379047753289342,"_timestamp":1.7301090909304998e+09,"_runtime":0.8065478,"_wandb":{"runtime":1},"_step":9}