{"_wandb":{"runtime":10},"epoch":9,"train_loss":0.012402209298064312,"val_loss":0.013576360419392586,"_timestamp":1.7301090419366882e+09,"_runtime":0.8546345,"_step":9}