{"_step":99,"_wandb":{"runtime":78},"epoch":99,"train_loss":0.008219802946162721,"val_loss":0.009388403967022896,"_timestamp":1.7301255659708526e+09,"_runtime":5.9830391}