{"val_loss":0.008376596262678504,"_timestamp":1.730129146802414e+09,"_runtime":5.707391,"_step":99,"_wandb":{"runtime":6},"epoch":99,"train_loss":0.00790736370254308}