{"train_loss":0.0115121197886765,"val_loss":0.012914746534079313,"_timestamp":1.7301296017399528e+09,"_runtime":4.8930976,"_step":99,"_wandb":{"runtime":81},"epoch":99}