{"_runtime":0.9226026,"_step":9,"_wandb":{"runtime":8},"epoch":9,"train_loss":0.028631194805105526,"val_loss":0.030414897948503494,"_timestamp":1.730109078663722e+09}