{"_runtime":0.8350722,"_step":9,"epoch":9,"_wandb":{"runtime":11},"train_loss":0.01298151227335135,"val_loss":0.011541313491761684,"_timestamp":1.7301291518754497e+09}