{"epoch":99,"train_loss":0.008552220727627477,"val_loss":0.006201844196766615,"_timestamp":1.7301290133849602e+09,"_runtime":4.8638867,"_wandb":{"runtime":5},"_step":99}