{"val_loss":0.009841684717684984,"_wandb":{"runtime":5},"_timestamp":1.7301289083398504e+09,"_runtime":5.0123795,"_step":99,"epoch":99,"train_loss":0.007763615033278863}