{"_timestamp":1.7301289123443966e+09,"_runtime":0.7767299,"_wandb":{"runtime":10},"_step":9,"epoch":9,"train_loss":0.013402618312587341,"val_loss":0.014153380878269672}