{"_runtime":4.8200227,"_step":99,"epoch":99,"train_loss":0.007722894117857019,"_wandb":{"runtime":5},"val_loss":0.00694755301810801,"_timestamp":1.7301182942743378e+09}