{"_runtime":2.8395398,"_step":9,"_wandb":{"runtime":3},"epoch":9,"train_loss":0.01345845265313983,"val_loss":0.011015791911631823,"_timestamp":1.7301095648525834e+09}