{"val_loss":0.01429734705016017,"_timestamp":1.730117451398933e+09,"_runtime":4.7878816,"_step":99,"_wandb":{"runtime":5},"epoch":99,"train_loss":0.011736744626735648}