{"_runtime":4.9038763,"_step":99,"epoch":99,"train_loss":0.01166475183951358,"val_loss":0.014161152299493551,"_wandb":{"runtime":5},"_timestamp":1.7301181059101105e+09}