{"val_loss":0.013634007889777422,"_wandb":{"runtime":4},"_timestamp":1.7301088047438025e+09,"_runtime":3.429407,"_step":9,"epoch":9,"train_loss":0.013333570444956422}