{"val_loss":0.017453364096581936,"_timestamp":1.730109118670201e+09,"_runtime":2.889685,"_wandb":{"runtime":3},"_step":9,"epoch":9,"train_loss":0.013387152692303061}