{"val_loss":0.010290184058248997,"_timestamp":1.7301237967396889e+09,"_runtime":2.7721868,"_step":99,"epoch":99,"_wandb":{"runtime":149},"train_loss":0.01199345764083167}