{"_runtime":0.8175743,"_wandb":{"runtime":10},"_step":9,"epoch":9,"train_loss":0.012557342338065306,"val_loss":0.014918128959834576,"_timestamp":1.7301181096717262e+09}