{"val_loss":0.013576360419392586,"_timestamp":1.7301090954263017e+09,"_runtime":0.8772738,"_step":9,"epoch":9,"train_loss":0.012402209298064312,"_wandb":{"runtime":4}}