{"train_loss":0.01262086071074009,"val_loss":0.012059117201715708,"_timestamp":1.7301256417350857e+09,"_runtime":0.7837331,"_step":9,"_wandb":{"runtime":9},"epoch":9}