{"val_loss":0.030414897948503494,"_timestamp":1.7301090556377742e+09,"_runtime":0.8948387,"_step":9,"epoch":9,"train_loss":0.028631194805105526,"_wandb":{"runtime":1}}