{"_step":9,"epoch":9,"train_loss":0.013479266548529267,"val_loss":0.010904430411756039,"_wandb":{"runtime":11},"_timestamp":1.7301099501022289e+09,"_runtime":0.8359891}