{"_timestamp":1.730119611140096e+09,"_runtime":3.1180433,"_step":99,"epoch":99,"_wandb":{"runtime":483},"train_loss":0.008644323252762357,"val_loss":0.008204550482332706}