{"_step":9,"_wandb":{"runtime":4},"epoch":9,"train_loss":0.013082854372138778,"val_loss":0.013205800671130419,"_timestamp":1.7301136057480197e+09,"_runtime":0.8734656}