{"_wandb":{"runtime":1},"train_loss":0.012843939320494732,"val_loss":0.01379047753289342,"_timestamp":1.7301090660723245e+09,"_runtime":0.9580158,"_step":9,"epoch":9}