{"train_loss":0.013096177252009511,"val_loss":0.009674541186541319,"_wandb":{"runtime":10},"_timestamp":1.7301290183812628e+09,"_runtime":0.8058169,"_step":9,"epoch":9}