{"_runtime":0.907251,"_step":9,"epoch":9,"_wandb":{"runtime":10},"train_loss":0.011963967544337114,"val_loss":0.014778390526771545,"_timestamp":1.7301300233349185e+09}