{"_timestamp":1.730123737147336e+09,"_runtime":4.9536698999999995,"_step":99,"epoch":99,"_wandb":{"runtime":31},"train_loss":0.01199345764083167,"val_loss":0.010290184058248997}