{"_step":9,"epoch":9,"train_loss":0.012230747922634086,"val_loss":0.015834983438253403,"_timestamp":1.7301091234494138e+09,"_runtime":0.7622493,"_wandb":{"runtime":9}}