{"_runtime":0.9517834,"_step":9,"_wandb":{"runtime":9},"epoch":9,"train_loss":0.013473740157981714,"val_loss":0.014381376560777426,"_timestamp":1.7301088087101173e+09}