{"epoch":9,"_wandb":{"runtime":10},"train_loss":0.013327973429113626,"val_loss":0.011547836009413004,"_timestamp":1.7301254412696996e+09,"_runtime":0.9272317,"_step":9}