{"train_loss":0.012705882002289096,"val_loss":0.012662533670663834,"_wandb":{"runtime":10},"_timestamp":1.730128871965729e+09,"_runtime":0.7918519,"_step":9,"epoch":9}