{"_timestamp":1.730127414606189e+09,"_runtime":4.9949174,"_step":99,"_wandb":{"runtime":5},"epoch":99,"train_loss":0.008110943716019392,"val_loss":0.011931991670280695}