{"_step":9,"epoch":9,"train_loss":0.013582869976138076,"val_loss":0.014051101636141539,"_timestamp":1.7301305476142976e+09,"_wandb":{"runtime":10},"_runtime":0.8017073}