{"_step":9,"_wandb":{"runtime":10},"epoch":9,"train_loss":0.012776433723047376,"val_loss":0.011292360257357359,"_timestamp":1.730109208076884e+09,"_runtime":0.8728351}