{"_step":99,"epoch":99,"train_loss":0.011735098126033941,"val_loss":0.010215776739642024,"_timestamp":1.7301320545146139e+09,"_runtime":25.7425127,"_wandb":{"runtime":25}}