{"_runtime":1.3047259,"_step":9,"_wandb":{"runtime":3},"epoch":9,"train_loss":0.028958614449948072,"val_loss":0.03105184342712164,"_timestamp":1.7301105770733683e+09}