{"_timestamp":1.7301090381745493e+09,"_wandb":{"runtime":3},"_runtime":2.8824778,"_step":9,"epoch":9,"train_loss":0.012843939320494732,"val_loss":0.01379047753289342}