{"train_loss":0.012402209298064312,"val_loss":0.013576360419392586,"_timestamp":1.7301090708016064e+09,"_runtime":0.798922,"_step":9,"_wandb":{"runtime":4},"epoch":9}