{"_timestamp":1.7301173571975522e+09,"_wandb":{"runtime":5},"_runtime":5.2136352,"_step":99,"epoch":99,"train_loss":0.011658428469672799,"val_loss":0.011116760782897472}