{"_wandb":{"runtime":90},"epoch":99,"train_loss":0.012227227988963326,"val_loss":0.013374063186347485,"_timestamp":1.7301308662789376e+09,"_runtime":5.3338389,"_step":99}