{"epoch":9,"train_loss":0.012570381242160996,"val_loss":0.014524666592478752,"_wandb":{"runtime":10},"_timestamp":1.7301288352752702e+09,"_runtime":0.867261,"_step":9}