{"_step":9,"_wandb":{"runtime":3},"epoch":9,"train_loss":0.013341988592098156,"val_loss":0.011760042048990726,"_timestamp":1.7301092043283148e+09,"_runtime":2.7136251}