{"_step":9,"epoch":9,"_wandb":{"runtime":11},"train_loss":0.013414812895158926,"val_loss":0.014938979875296354,"_timestamp":1.7301309560212598e+09,"_runtime":0.9919575}