{"_step":99,"epoch":99,"train_loss":0.007797549866760771,"val_loss":0.006934816250577569,"_wandb":{"runtime":77},"_timestamp":1.730125363455214e+09,"_runtime":4.8734841}