{"val_loss":0.017871661111712456,"_timestamp":1.7301091642436156e+09,"_runtime":0.7799907,"_step":9,"epoch":9,"train_loss":0.012080897344276309,"_wandb":{"runtime":10}}