{"train_loss":0.01150603344043096,"val_loss":0.017094645649194717,"_wandb":{"runtime":5},"_timestamp":1.7301292017526672e+09,"_runtime":5.1945663,"_step":99,"epoch":99}