{"_step":99,"_wandb":{"runtime":29},"epoch":99,"train_loss":0.008644323252762357,"val_loss":0.008204550482332706,"_timestamp":1.7301195780877206e+09,"_runtime":3.0791972}