{"_runtime":5.073883,"_step":99,"_wandb":{"runtime":79},"epoch":99,"train_loss":0.010993839784835776,"val_loss":0.015319463331252337,"_timestamp":1.7301299442397752e+09}