{"val_loss":0.012482721824198961,"_timestamp":1.7301129292692597e+09,"_runtime":0.8820181,"_wandb":{"runtime":4},"_step":9,"epoch":9,"train_loss":0.01235797341602544}