{"epoch":9,"train_loss":0.013106367162739238,"val_loss":0.012786438688635826,"_timestamp":1.7301173610891786e+09,"_runtime":0.8240446,"_step":9,"_wandb":{"runtime":10}}