{"epoch":9,"train_loss":0.013082854372138778,"val_loss":0.013205800671130419,"_timestamp":1.730113519202525e+09,"_runtime":0.9526451,"_step":9,"_wandb":{"runtime":11}}