{"train_loss":0.012533292872831225,"val_loss":0.0121422135271132,"_timestamp":1.7301105630924013e+09,"_runtime":0.7863971,"_step":9,"_wandb":{"runtime":10},"epoch":9}