{"_step":99,"_wandb":{"runtime":5},"epoch":99,"train_loss":0.011711187350253264,"val_loss":0.011520844418555498,"_timestamp":1.730112925429542e+09,"_runtime":5.4378655}