{"_wandb":{"runtime":10},"_timestamp":1.7301174550788987e+09,"_runtime":0.8550279,"_step":9,"epoch":9,"train_loss":0.01289852662011981,"val_loss":0.015028431545943022}