{"train_loss":0.014243717538192868,"val_loss":0.011176612228155136,"_timestamp":1.7301099463927834e+09,"_runtime":3.3849364,"_wandb":{"runtime":3},"_step":9,"epoch":9}