{"val_loss":0.018026438541710377,"_timestamp":1.7301292066144483e+09,"_runtime":0.8214766,"_step":9,"_wandb":{"runtime":10},"epoch":9,"train_loss":0.012483120197430253}