{"epoch":9,"train_loss":0.013550514355301857,"val_loss":0.012038061860948801,"_timestamp":1.730132164328224e+09,"_wandb":{"runtime":47},"_runtime":36.6689119,"_step":9}