{"_wandb":{"runtime":5},"_runtime":4.951855,"_step":99,"epoch":99,"train_loss":0.007564145567206045,"val_loss":0.008217366877943277,"_timestamp":1.730128867788714e+09}