{"_step":9,"_wandb":{"runtime":11},"epoch":9,"train_loss":0.013148104461530844,"val_loss":0.011560313869267702,"_timestamp":1.7301182992504628e+09,"_runtime":1.7740014}